
---
-- #%L
-- ff4j-store-jdbc
-- %%
-- Copyright (C) 2013 Ff4J
-- %%
-- Licensed under the Apache License, Version 2.0 (the "License");
-- you may not use this file except in compliance with the License.
-- You may obtain a copy of the License at
-- 
--      http://www.apache.org/licenses/LICENSE-2.0
-- 
-- Unless required by applicable law or agreed to in writing, software
-- distributed under the License is distributed on an "AS IS" BASIS,
-- WITHOUT WARRANTIES OR CONDITIONS OF ANY KIND, either express or implied.
-- See the License for the specific language governing permissions and
-- limitations under the License.
-- #L%
---

INSERT INTO FF4J_FEATURES(FEAT_UID, CREATED, LASTMODIFIED, OWNER, DESCRIPTION, ENABLE)
VALUES ('AwesomeFeature', '2016-11-19 10:30:03', '2016-11-19 10:30:03', 'ff4j-core-unitTest', 'some desc', '1');

-- First
INSERT INTO FF4J_FEATURES(FEAT_UID, CREATED, LASTMODIFIED, OWNER, DESCRIPTION, ENABLE)
VALUES ('first', '2016-11-19 10:30:03', '2016-11-19 10:30:03', 'ff4j-core-unitTest', 'description', '1');

INSERT INTO FF4J_ROLES(FEAT_UID, ROLE_NAME)  VALUES('first', 'USER');

INSERT INTO FF4J_CUSTOM_PROPERTIES(PROPERTY_ID, CREATED, LASTMODIFIED, OWNER, READONLY, CLAZZ, CURRENTVALUE, FIXEDVALUES, FEAT_UID) 
VALUES('ppint', '2016-11-19 10:30:03', '2016-11-19 10:30:03', 'ff4j-core-unitTest', '0', 'org.ff4j.property.PropertyInt', '12', NULL, 'first');;

INSERT INTO FF4J_CUSTOM_PROPERTIES(PROPERTY_ID, CREATED, LASTMODIFIED, OWNER, READONLY, CLAZZ, CURRENTVALUE, FIXEDVALUES, FEAT_UID) 
VALUES('ppdouble', '2016-11-19 10:30:03', '2016-11-19 10:30:03', 'ff4j-core-unitTest','0','org.ff4j.property.PropertyDouble', '12.5', NULL, 'first');;

INSERT INTO FF4J_CUSTOM_PROPERTIES(PROPERTY_ID, CREATED, LASTMODIFIED, OWNER, READONLY, CLAZZ, CURRENTVALUE, FIXEDVALUES, FEAT_UID) 
VALUES('ppboolean','2016-11-19 10:30:03', '2016-11-19 10:30:03', 'ff4j-core-unitTest','0', 'org.ff4j.property.PropertyBoolean', 'true', NULL, 'first');;

INSERT INTO FF4J_CUSTOM_PROPERTIES(PROPERTY_ID, CREATED, LASTMODIFIED, OWNER, READONLY, CLAZZ, CURRENTVALUE, FIXEDVALUES, FEAT_UID) 
VALUES('ppstring', '2016-11-19 10:30:03', '2016-11-19 10:30:03', 'ff4j-core-unitTest','0','org.ff4j.property.PropertyString', 'hello', NULL, 'first');;

INSERT INTO FF4J_CUSTOM_PROPERTIES(PROPERTY_ID, CREATED, LASTMODIFIED, OWNER, READONLY, CLAZZ, CURRENTVALUE, FIXEDVALUES, FEAT_UID) 
VALUES('ppListInt', '2016-11-19 10:30:03', '2016-11-19 10:30:03', 'ff4j-core-unitTest','0','org.ff4j.property.PropertyInt','12' , '12,13,14', 'first');

INSERT INTO FF4J_CUSTOM_PROPERTIES(PROPERTY_ID, CREATED, LASTMODIFIED, OWNER, READONLY, CLAZZ, CURRENTVALUE, FIXEDVALUES, FEAT_UID) 
VALUES('digitValue', '2016-11-19 10:30:03', '2016-11-19 10:30:03', 'ff4j-core-unitTest','0','org.ff4j.property.PropertyInt', '1', '0,1,2,3', 'first');

INSERT INTO FF4J_CUSTOM_PROPERTIES(PROPERTY_ID, CREATED, LASTMODIFIED, OWNER, READONLY, CLAZZ, CURRENTVALUE, FIXEDVALUES, FEAT_UID) 
VALUES('regionIdentifier', '2016-11-19 10:30:03', '2016-11-19 10:30:03', 'ff4j-core-unitTest','0','org.ff4j.property.PropertyString', 'AMER', 'AMER,EAST,SSSS', 'first');

INSERT INTO FF4J_CUSTOM_PROPERTIES(PROPERTY_ID, CREATED, LASTMODIFIED, OWNER, READONLY, CLAZZ, CURRENTVALUE, FIXEDVALUES, FEAT_UID) 
VALUES('myLogLevel', '2016-11-19 10:30:03', '2016-11-19 10:30:03', 'ff4j-core-unitTest','0','org.ff4j.property.PropertyLogLevel', 'DEBUG', 'FATAL,WARN,TRACE,ERROR,INFO,DEBUG', 'first');

INSERT INTO FF4J_CUSTOM_PROPERTIES(PROPERTY_ID, CREATED, LASTMODIFIED, OWNER, READONLY, CLAZZ, CURRENTVALUE, FIXEDVALUES, FEAT_UID) 
VALUES('date', '2016-11-19 10:30:03', '2016-11-19 10:30:03', 'ff4j-core-unitTest','0','org.ff4j.property.PropertyDate', '2015-08-15 12:00:00', NULL, 'AwesomeFeature');

-- Second
INSERT INTO FF4J_FEATURES(FEAT_UID, CREATED, LASTMODIFIED, OWNER, ENABLE, DESCRIPTION, GROUPNAME)
VALUES('second', '2016-11-19 10:30:03', '2016-11-19 10:30:03', 'ff4j-core-unitTest',0, 'description', 'GRP0');
INSERT INTO FF4J_ROLES(FEAT_UID, ROLE_NAME)  VALUES('second', 'USER');

-- Third
INSERT INTO FF4J_FEATURES(FEAT_UID, CREATED, LASTMODIFIED, OWNER, ENABLE, DESCRIPTION, GROUPNAME) 
VALUES('third',  '2016-11-19 10:30:03', '2016-11-19 10:30:03', 'ff4j-core-unitTest', 0, 'ThirdJDBC', 'GRP1');
INSERT INTO FF4J_ROLES(FEAT_UID, ROLE_NAME)  VALUES('third', 'ADMINISTRATOR');
INSERT INTO FF4J_ROLES(FEAT_UID, ROLE_NAME)  VALUES('third', 'BETA-TESTER');

-- Forth
INSERT INTO FF4J_FEATURES(FEAT_UID,CREATED, LASTMODIFIED, OWNER, ENABLE, DESCRIPTION, STRATCLASS, STRATPARAM, GROUPNAME) 
VALUES('forth', '2016-11-19 10:30:03', '2016-11-19 10:30:03', 'ff4j-core-unitTest', 1, 'ForthJDBC', 'org.ff4j.strategy.PonderationStrategy', '{"weight":1}', 'GRP1');
INSERT INTO FF4J_ROLES(FEAT_UID, ROLE_NAME)  VALUES('forth', 'ADMINISTRATOR');
INSERT INTO FF4J_ROLES(FEAT_UID, ROLE_NAME)  VALUES('forth', 'BETA-TESTER');

-- *********************************
-- ** INSERT INTO FF4J_PROPERTIES ** 
-- *********************************

INSERT INTO FF4J_PROPERTIES(PROPERTY_ID, CREATED, LASTMODIFIED, OWNER, READONLY, CLAZZ, CURRENTVALUE, FIXEDVALUES) 
VALUES('a', '2016-11-19 10:30:03', '2016-11-19 10:30:03', 'ff4j-core-unitTest','0','org.ff4j.property.PropertyString', 'AMER', 'AMER,EAST');

INSERT INTO FF4J_PROPERTIES(PROPERTY_ID, CREATED, LASTMODIFIED, OWNER,READONLY,  CLAZZ, CURRENTVALUE, FIXEDVALUES) 
VALUES('b', '2016-11-19 10:30:03', '2016-11-19 10:30:03', 'ff4j-core-unitTest','0','org.ff4j.property.PropertyInt', '12', NULL);

INSERT INTO FF4J_PROPERTIES(PROPERTY_ID, CREATED, LASTMODIFIED, OWNER,READONLY,  CLAZZ, CURRENTVALUE, FIXEDVALUES) 
VALUES('c', '2016-11-19 10:30:03', '2016-11-19 10:30:03', 'ff4j-core-unitTest','0','org.ff4j.property.PropertyDouble', '12.5', NULL);

INSERT INTO FF4J_PROPERTIES(PROPERTY_ID, CREATED, LASTMODIFIED, OWNER, READONLY, CLAZZ, CURRENTVALUE, FIXEDVALUES) 
VALUES('d', '2016-11-19 10:30:03', '2016-11-19 10:30:03', 'ff4j-core-unitTest','0','org.ff4j.property.PropertyBoolean', 'true', 'true,false');

INSERT INTO FF4J_PROPERTIES(PROPERTY_ID, CREATED, LASTMODIFIED, OWNER,READONLY,  CLAZZ, CURRENTVALUE, FIXEDVALUES) 
VALUES('e','2016-11-19 10:30:03', '2016-11-19 10:30:03', 'ff4j-core-unitTest','0', 'org.ff4j.property.PropertyString', '12,13,14', NULL);

INSERT INTO FF4J_PROPERTIES(PROPERTY_ID, CREATED, LASTMODIFIED, OWNER, READONLY, CLAZZ, CURRENTVALUE, FIXEDVALUES) 
VALUES('g', '2016-11-19 10:30:03', '2016-11-19 10:30:03', 'ff4j-core-unitTest','0','org.ff4j.property.PropertyLogLevel', 'DEBUG', 'FATAL,WARN,TRACE,ERROR,INFO,DEBUG');

